date_time_execution,cod_metric,cod_original_query,cod_noise_kind,cod_search_context,value
2021-11-21 20:27:25,DCG@10,23849,0,2,22.93069369495727
2021-11-21 20:27:25,DCG@10,42255,0,2,13.514735906513751
2021-11-21 20:27:25,DCG@10,47210,0,2,23.132664141911903
2021-11-21 20:27:25,DCG@10,67316,0,2,0.7890648263178879
2021-11-21 20:27:25,DCG@10,118440,0,2,4.9165082750002025
2021-11-21 20:27:25,DCG@10,121171,0,2,8.268831952706009
2021-11-21 20:27:25,DCG@10,135802,0,2,8.405005075502428
2021-11-21 20:27:25,DCG@10,141630,0,2,5.145619329416308
2021-11-21 20:27:25,DCG@10,156498,0,2,0.8333333333333333
2021-11-21 20:27:25,DCG@10,169208,0,2,7.297251042587794
2021-11-21 20:27:25,DCG@10,174463,0,2,11.199568244459641
2021-11-21 20:27:25,DCG@10,258062,0,2,3.999999324861971
2021-11-21 20:27:25,DCG@10,324585,0,2,29.471582033285088
2021-11-21 20:27:25,DCG@10,330975,0,2,12.495304212257356
2021-11-21 20:27:25,DCG@10,332593,0,2,7.820262428119193
2021-11-21 20:27:25,DCG@10,336901,0,2,7.0
2021-11-21 20:27:25,DCG@10,390360,0,2,12.713258765089428
2021-11-21 20:27:25,DCG@10,405163,0,2,0.0
2021-11-21 20:27:25,DCG@10,555530,0,2,5.6122735206797065
2021-11-21 20:27:25,DCG@10,583468,0,2,23.45376613984866
2021-11-21 20:27:25,DCG@10,640502,0,2,21.48399948612078
2021-11-21 20:27:25,DCG@10,673670,0,2,12.516884837183675
2021-11-21 20:27:25,DCG@10,701453,0,2,9.57838431520932
2021-11-21 20:27:25,DCG@10,730539,0,2,11.182732054940859
2021-11-21 20:27:25,DCG@10,768208,0,2,11.273479298838678
2021-11-21 20:27:25,DCG@10,877809,0,2,23.469364411727177
2021-11-21 20:27:25,DCG@10,911232,0,2,9.995983043192659
2021-11-21 20:27:25,DCG@10,914916,0,2,9.0164059787389
2021-11-21 20:27:25,DCG@10,938400,0,2,25.486467060270733
2021-11-21 20:27:25,DCG@10,940547,0,2,4.674489091659804
2021-11-21 20:27:25,DCG@10,997622,0,2,25.346555400563034
2021-11-21 20:27:25,DCG@10,1030303,0,2,2.3333333333333335
2021-11-21 20:27:25,DCG@10,1037496,0,2,27.257742568107375
2021-11-21 20:27:25,DCG@10,1043135,0,2,3.2476752714631285
2021-11-21 20:27:25,DCG@10,1051399,0,2,16.336546755855604
2021-11-21 20:27:25,DCG@10,1064670,0,2,5.380299806094905
2021-11-21 20:27:25,DCG@10,1071750,0,2,7.1085108600117906
2021-11-21 20:27:25,DCG@10,1105792,0,2,8.789069122140733
2021-11-21 20:27:25,DCG@10,1106979,0,2,10.995304212257356
2021-11-21 20:27:25,DCG@10,1108651,0,2,20.651152458279945
2021-11-21 20:27:25,DCG@10,1109707,0,2,6.418106178673197
2021-11-21 20:27:25,DCG@10,1110678,0,2,4.1342774332557095
2021-11-21 20:27:25,DCG@10,1113256,0,2,27.005602543486248
2021-11-21 20:27:25,DCG@10,1115210,0,2,4.303800732831639
2021-11-21 20:27:25,DCG@10,1116380,0,2,0.0
2021-11-21 20:27:25,DCG@10,1121353,0,2,7.30541884523126
2021-11-21 20:27:25,DCG@10,1122767,0,2,20.88324444782376
2021-11-21 20:27:25,DCG@10,1127540,0,2,13.449898151054967
2021-11-21 20:27:25,DCG@10,1131069,0,2,14.916508275000202
2021-11-21 20:27:25,DCG@10,1132532,0,2,10.091817658324464
2021-11-21 20:27:25,DCG@10,1133579,0,2,12.691507568777368
2021-11-21 20:27:25,DCG@10,1136043,0,2,5.946585820810172
2021-11-21 20:27:25,DCG@10,1136047,0,2,6.9732627332105634
2021-11-21 20:27:25,DCG@10,1136962,0,2,31.80491536661842
2021-11-21 20:27:25,nDCG@10,23849,0,2,0.7209795539661995
2021-11-21 20:27:25,nDCG@10,42255,0,2,0.7199775715968755
2021-11-21 20:27:25,nDCG@10,47210,0,2,0.8208114684630632
2021-11-21 20:27:25,nDCG@10,67316,0,2,0.029388608105497763
2021-11-21 20:27:25,nDCG@10,118440,0,2,0.15458328432341742
2021-11-21 20:27:25,nDCG@10,121171,0,2,0.6066339432310229
2021-11-21 20:27:25,nDCG@10,135802,0,2,0.6439359458885995
2021-11-21 20:27:25,nDCG@10,141630,0,2,0.25531001111702756
2021-11-21 20:27:25,nDCG@10,156498,0,2,0.052677407348903436
2021-11-21 20:27:25,nDCG@10,169208,0,2,0.30561709948100796
2021-11-21 20:27:25,nDCG@10,174463,0,2,0.6352318518549335
2021-11-21 20:27:25,nDCG@10,258062,0,2,0.1257667023714285
2021-11-21 20:27:25,nDCG@10,324585,0,2,0.9266360779006401
2021-11-21 20:27:25,nDCG@10,330975,0,2,0.3928733677867947
2021-11-21 20:27:25,nDCG@10,332593,0,2,0.2912645705608399
2021-11-21 20:27:25,nDCG@10,336901,0,2,0.46927872602275655
2021-11-21 20:27:25,nDCG@10,390360,0,2,0.4735035286447765
2021-11-21 20:27:25,nDCG@10,405163,0,2,0.0
2021-11-21 20:27:25,nDCG@10,555530,0,2,0.4117383973714472
2021-11-21 20:27:25,nDCG@10,583468,0,2,0.737425830865914
2021-11-21 20:27:25,nDCG@10,640502,0,2,0.6754930562924814
2021-11-21 20:27:25,nDCG@10,673670,0,2,0.42510042622957694
2021-11-21 20:27:25,nDCG@10,701453,0,2,0.40115353234312606
2021-11-21 20:27:25,nDCG@10,730539,0,2,0.634276914699076
2021-11-21 20:27:25,nDCG@10,768208,0,2,0.5108985562879856
2021-11-21 20:27:25,nDCG@10,877809,0,2,0.7379162667529054
2021-11-21 20:27:25,nDCG@10,911232,0,2,0.7314077582797939
2021-11-21 20:27:25,nDCG@10,914916,0,2,0.2834909596458879
2021-11-21 20:27:25,nDCG@10,938400,0,2,0.8013373645704036
2021-11-21 20:27:25,nDCG@10,940547,0,2,0.34293885357483817
2021-11-21 20:27:25,nDCG@10,997622,0,2,0.7969383068117231
2021-11-21 20:27:25,nDCG@10,1030303,0,2,0.11573830561745937
2021-11-21 20:27:25,nDCG@10,1037496,0,2,0.8570292438733029
2021-11-21 20:27:25,nDCG@10,1043135,0,2,0.11029806218660299
2021-11-21 20:27:25,nDCG@10,1051399,0,2,0.7373952328651661
2021-11-21 20:27:25,nDCG@10,1064670,0,2,0.5565766760187354
2021-11-21 20:27:25,nDCG@10,1071750,0,2,0.37464072759034356
2021-11-21 20:27:25,nDCG@10,1105792,0,2,0.7436038355696598
2021-11-21 20:27:25,nDCG@10,1106979,0,2,0.5455536177381705
2021-11-21 20:27:25,nDCG@10,1108651,0,2,0.6493069458048248
2021-11-21 20:27:25,nDCG@10,1109707,0,2,0.20179604645040083
2021-11-21 20:27:25,nDCG@10,1110678,0,2,0.42767921388582614
2021-11-21 20:27:25,nDCG@10,1113256,0,2,0.9582341292150335
2021-11-21 20:27:25,nDCG@10,1115210,0,2,0.33609214855431097
2021-11-21 20:27:25,nDCG@10,1116380,0,2,0.0
2021-11-21 20:27:25,nDCG@10,1121353,0,2,0.829650352088322
2021-11-21 20:27:25,nDCG@10,1122767,0,2,0.6566043080794439
2021-11-21 20:27:25,nDCG@10,1127540,0,2,0.5009395586224886
2021-11-21 20:27:25,nDCG@10,1131069,0,2,1.0000000000000002
2021-11-21 20:27:25,nDCG@10,1132532,0,2,0.3173037105112553
2021-11-21 20:27:25,nDCG@10,1133579,0,2,0.5728663051592666
2021-11-21 20:27:25,nDCG@10,1136043,0,2,0.2214797497298329
2021-11-21 20:27:25,nDCG@10,1136047,0,2,0.394490931959444
2021-11-21 20:27:25,nDCG@10,1136962,0,2,1.0000000000000002
2021-11-21 20:27:37,DCG@10,23849,1,2,20.848800643268223
2021-11-21 20:27:37,DCG@10,42255,1,2,14.431244181513954
2021-11-21 20:27:37,DCG@10,47210,1,2,20.42469449127011
2021-11-21 20:27:37,DCG@10,67316,1,2,1.0
2021-11-21 20:27:37,DCG@10,118440,1,2,4.772715462108224
2021-11-21 20:27:37,DCG@10,121171,1,2,9.210054213271802
2021-11-21 20:27:37,DCG@10,135802,1,2,7.88597913514879
2021-11-21 20:27:37,DCG@10,141630,1,2,5.174489091659804
2021-11-21 20:27:37,DCG@10,156498,1,2,4.2174197714431285
2021-11-21 20:27:37,DCG@10,169208,1,2,7.556323377347187
2021-11-21 20:27:37,DCG@10,174463,1,2,8.469615800122272
2021-11-21 20:27:37,DCG@10,258062,1,2,10.357051577981405
2021-11-21 20:27:37,DCG@10,324585,1,2,29.596661229118318
2021-11-21 20:27:37,DCG@10,330975,1,2,12.437564687770367
2021-11-21 20:27:37,DCG@10,332593,1,2,9.548949473704178
2021-11-21 20:27:37,DCG@10,336901,1,2,3.5
2021-11-21 20:27:37,DCG@10,390360,1,2,13.995421019263768
2021-11-21 20:27:37,DCG@10,405163,1,2,0.0
2021-11-21 20:27:37,DCG@10,555530,1,2,5.6122735206797065
2021-11-21 20:27:37,DCG@10,583468,1,2,25.153899534941452
2021-11-21 20:27:37,DCG@10,640502,1,2,22.874257466992535
2021-11-21 20:27:37,DCG@10,673670,1,2,11.24300743123138
2021-11-21 20:27:37,DCG@10,701453,1,2,9.012860139038873
2021-11-21 20:27:37,DCG@10,730539,1,2,11.33918389107156
2021-11-21 20:27:37,DCG@10,768208,1,2,12.199307222794529
2021-11-21 20:27:37,DCG@10,877809,1,2,25.56046227432242
2021-11-21 20:27:37,DCG@10,911232,1,2,9.636249659391485
2021-11-21 20:27:37,DCG@10,914916,1,2,11.930136547008654
2021-11-21 20:27:37,DCG@10,938400,1,2,25.22085601817806
2021-11-21 20:27:37,DCG@10,940547,1,2,4.514689575844851
2021-11-21 20:27:37,DCG@10,997622,1,2,24.76249605212268
2021-11-21 20:27:37,DCG@10,1030303,1,2,2.3333333333333335
2021-11-21 20:27:37,DCG@10,1037496,1,2,22.808666901568177
2021-11-21 20:27:37,DCG@10,1043135,1,2,7.799583564961601
2021-11-21 20:27:37,DCG@10,1051399,1,2,15.963369002174407
2021-11-21 20:27:37,DCG@10,1064670,1,2,5.723989423455619
2021-11-21 20:27:37,DCG@10,1071750,1,2,7.344338013172337
2021-11-21 20:27:37,DCG@10,1105792,1,2,7.7789401873463735
2021-11-21 20:27:37,DCG@10,1106979,1,2,11.179575565709593
2021-11-21 20:27:37,DCG@10,1108651,1,2,20.251596973382327
2021-11-21 20:27:37,DCG@10,1109707,1,2,5.498124232525122
2021-11-21 20:27:37,DCG@10,1110678,1,2,4.522343201856489
2021-11-21 20:27:37,DCG@10,1113256,1,2,25.55949239998737
2021-11-21 20:27:37,DCG@10,1115210,1,2,1.0
2021-11-21 20:27:37,DCG@10,1116380,1,2,0.8671944789536635
2021-11-21 20:27:37,DCG@10,1121353,1,2,7.596664752685621
2021-11-21 20:27:37,DCG@10,1122767,1,2,23.867264815256007
2021-11-21 20:27:37,DCG@10,1127540,1,2,14.987034277158081
2021-11-21 20:27:37,DCG@10,1131069,1,2,12.722705557155543
2021-11-21 20:27:37,DCG@10,1132532,1,2,10.023196097000397
2021-11-21 20:27:37,DCG@10,1133579,1,2,12.603015265469388
2021-11-21 20:27:37,DCG@10,1136043,1,2,6.8869034658758475
2021-11-21 20:27:37,DCG@10,1136047,1,2,10.577513104975973
2021-11-21 20:27:37,DCG@10,1136962,1,2,31.80491536661842
2021-11-21 20:27:37,nDCG@10,23849,1,2,0.6555213369676363
2021-11-21 20:27:37,nDCG@10,42255,1,2,0.7688031947350271
2021-11-21 20:27:37,nDCG@10,47210,1,2,0.7247251494873972
2021-11-21 20:27:37,nDCG@10,67316,1,2,0.03724485888268206
2021-11-21 20:27:37,nDCG@10,118440,1,2,0.15006219658479386
2021-11-21 20:27:37,nDCG@10,121171,1,2,0.6756856998333554
2021-11-21 20:27:37,nDCG@10,135802,1,2,0.6041716082302595
2021-11-21 20:27:37,nDCG@10,141630,1,2,0.25674244108268707
2021-11-21 20:27:37,nDCG@10,156498,1,2,0.26659528711395475
2021-11-21 20:27:37,nDCG@10,169208,1,2,0.31646734089970807
2021-11-21 20:27:37,nDCG@10,174463,1,2,0.4803908161257031
2021-11-21 20:27:37,nDCG@10,258062,1,2,0.3256431107768923
2021-11-21 20:27:37,nDCG@10,324585,1,2,0.9305687780632228
2021-11-21 20:27:37,nDCG@10,330975,1,2,0.3910579400825729
2021-11-21 20:27:37,nDCG@10,332593,1,2,0.35564927562597326
2021-11-21 20:27:37,nDCG@10,336901,1,2,0.23463936301137828
2021-11-21 20:27:37,nDCG@10,390360,1,2,0.5212574808662014
2021-11-21 20:27:37,nDCG@10,405163,1,2,0.0
2021-11-21 20:27:37,nDCG@10,555530,1,2,0.4117383973714472
2021-11-21 20:27:37,nDCG@10,583468,1,2,0.7908808825613889
2021-11-21 20:27:37,nDCG@10,640502,1,2,0.7192051040953481
2021-11-21 20:27:37,nDCG@10,673670,1,2,0.38183679991371855
2021-11-21 20:27:37,nDCG@10,701453,1,2,0.3774687423586627
2021-11-21 20:27:37,nDCG@10,730539,1,2,0.6431507558527806
2021-11-21 20:27:37,nDCG@10,768208,1,2,0.5528558027761105
2021-11-21 20:27:37,nDCG@10,877809,1,2,0.8036638984787235
2021-11-21 20:27:37,nDCG@10,911232,1,2,0.705086006163217
2021-11-21 20:27:37,nDCG@10,914916,1,2,0.375103546401202
2021-11-21 20:27:37,nDCG@10,938400,1,2,0.7929861069414822
2021-11-21 20:27:37,nDCG@10,940547,1,2,0.3312153343450745
2021-11-21 20:27:37,nDCG@10,997622,1,2,0.7785744991515597
2021-11-21 20:27:37,nDCG@10,1030303,1,2,0.11573830561745937
2021-11-21 20:27:37,nDCG@10,1037496,1,2,0.7171428264672428
2021-11-21 20:27:37,nDCG@10,1043135,1,2,0.2648906929325395
2021-11-21 20:27:37,nDCG@10,1051399,1,2,0.7205508225568974
2021-11-21 20:27:37,nDCG@10,1064670,1,2,0.5921303870955941
2021-11-21 20:27:37,nDCG@10,1071750,1,2,0.3870695552288625
2021-11-21 20:27:37,nDCG@10,1105792,1,2,0.6581413434792542
2021-11-21 20:27:37,nDCG@10,1106979,1,2,0.5546966029235469
2021-11-21 20:27:37,nDCG@10,1108651,1,2,0.6367442497469388
2021-11-21 20:27:37,nDCG@10,1109707,1,2,0.17287026766610436
2021-11-21 20:27:37,nDCG@10,1110678,1,2,0.4678235112946438
2021-11-21 20:27:37,nDCG@10,1113256,1,2,0.9069221063903878
2021-11-21 20:27:37,nDCG@10,1115210,1,2,0.07809193998932724
2021-11-21 20:27:37,nDCG@10,1116380,1,2,0.04905886545235742
2021-11-21 20:27:37,nDCG@10,1121353,1,2,0.8627261106153671
2021-11-21 20:27:37,nDCG@10,1122767,1,2,0.750426924270531
2021-11-21 20:27:37,nDCG@10,1127540,1,2,0.5581899767226717
2021-11-21 20:27:37,nDCG@10,1131069,1,2,0.8529278650606569
2021-11-21 20:27:37,nDCG@10,1132532,1,2,0.315146133277263
2021-11-21 20:27:37,nDCG@10,1133579,1,2,0.5688719602355958
2021-11-21 20:27:37,nDCG@10,1136043,1,2,0.2565017477251999
2021-11-21 20:27:37,nDCG@10,1136047,1,2,0.5983903320783145
2021-11-21 20:27:37,nDCG@10,1136962,1,2,1.0000000000000002
2021-11-21 20:27:49,DCG@10,23849,2,2,21.338935876819576
2021-11-21 20:27:49,DCG@10,42255,2,2,14.431244181513954
2021-11-21 20:27:49,DCG@10,47210,2,2,17.931244181513954
2021-11-21 20:27:49,DCG@10,67316,2,2,0.5
2021-11-21 20:27:49,DCG@10,118440,2,2,4.9165082750002025
2021-11-21 20:27:49,DCG@10,121171,2,2,9.210054213271802
2021-11-21 20:27:49,DCG@10,135802,2,2,6.253618091587786
2021-11-21 20:27:49,DCG@10,141630,2,2,5.174489091659804
2021-11-21 20:27:49,DCG@10,156498,2,2,0.7890648263178879
2021-11-21 20:27:49,DCG@10,169208,2,2,7.589900036109206
2021-11-21 20:27:49,DCG@10,174463,2,2,12.368818507122123
2021-11-21 20:27:49,DCG@10,258062,2,2,6.493449540118396
2021-11-21 20:27:49,DCG@10,324585,2,2,29.781461582393206
2021-11-21 20:27:49,DCG@10,330975,2,2,11.443309380028806
2021-11-21 20:27:49,DCG@10,332593,2,2,4.834103364940166
2021-11-21 20:27:49,DCG@10,336901,2,2,4.4165082750002025
2021-11-21 20:27:49,DCG@10,390360,2,2,13.425306958396364
2021-11-21 20:27:49,DCG@10,405163,2,2,0.9030899869919436
2021-11-21 20:27:49,DCG@10,555530,2,2,5.263923995665121
2021-11-21 20:27:49,DCG@10,583468,2,2,18.4043970797855
2021-11-21 20:27:49,DCG@10,640502,2,2,22.567491211120576
2021-11-21 20:27:49,DCG@10,673670,2,2,7.731707921725317
2021-11-21 20:27:49,DCG@10,701453,2,2,15.009908781890775
2021-11-21 20:27:49,DCG@10,730539,2,2,11.182732054940859
2021-11-21 20:27:49,DCG@10,768208,2,2,10.964546898625073
2021-11-21 20:27:49,DCG@10,877809,2,2,22.41867579614789
2021-11-21 20:27:49,DCG@10,911232,2,2,9.937279655055466
2021-11-21 20:27:49,DCG@10,914916,2,2,9.326668147741437
2021-11-21 20:27:49,DCG@10,938400,2,2,27.118227111043414
2021-11-21 20:27:49,DCG@10,940547,2,2,3.912629584516888
2021-11-21 20:27:49,DCG@10,997622,2,2,25.591009262496794
2021-11-21 20:27:49,DCG@10,1030303,2,2,2.2082541375001012
2021-11-21 20:27:49,DCG@10,1037496,2,2,24.440401923846768
2021-11-21 20:27:49,DCG@10,1043135,2,2,5.095100219208954
2021-11-21 20:27:49,DCG@10,1051399,2,2,16.070407949976822
2021-11-21 20:27:49,DCG@10,1064670,2,2,5.061606311644851
2021-11-21 20:27:49,DCG@10,1071750,2,2,7.205669731747434
2021-11-21 20:27:49,DCG@10,1105792,2,2,7.7789401873463735
2021-11-21 20:27:49,DCG@10,1106979,2,2,10.995304212257356
2021-11-21 20:27:49,DCG@10,1108651,2,2,11.904639101064518
2021-11-21 20:27:49,DCG@10,1109707,2,2,7.192108801402701
2021-11-21 20:27:49,DCG@10,1110678,2,2,2.7790260830879796
2021-11-21 20:27:49,DCG@10,1113256,2,2,25.946253251222753
2021-11-21 20:27:49,DCG@10,1115210,2,2,0.3562071871080222
2021-11-21 20:27:49,DCG@10,1116380,2,2,0.0
2021-11-21 20:27:49,DCG@10,1121353,2,2,7.608247090249754
2021-11-21 20:27:49,DCG@10,1122767,2,2,23.20862736317754
2021-11-21 20:27:49,DCG@10,1127540,2,2,16.735780722526986
2021-11-21 20:27:49,DCG@10,1131069,2,2,14.916508275000202
2021-11-21 20:27:49,DCG@10,1132532,2,2,6.660558421703625
2021-11-21 20:27:49,DCG@10,1133579,2,2,13.726892625654541
2021-11-21 20:27:49,DCG@10,1136043,2,2,8.825505692974529
2021-11-21 20:27:49,DCG@10,1136047,2,2,7.565656038283746
2021-11-21 20:27:49,DCG@10,1136962,2,2,27.963316439063224
2021-11-21 20:27:49,nDCG@10,23849,2,2,0.6709320125786704
2021-11-21 20:27:49,nDCG@10,42255,2,2,0.7688031947350271
2021-11-21 20:27:49,nDCG@10,47210,2,2,0.6362505752777413
2021-11-21 20:27:49,nDCG@10,67316,2,2,0.01862242944134103
2021-11-21 20:27:49,nDCG@10,118440,2,2,0.15458328432341742
2021-11-21 20:27:49,nDCG@10,121171,2,2,0.6756856998333554
2021-11-21 20:27:49,nDCG@10,135802,2,2,0.4791108922432055
2021-11-21 20:27:49,nDCG@10,141630,2,2,0.25674244108268707
2021-11-21 20:27:49,nDCG@10,156498,2,2,0.04987906713676695
2021-11-21 20:27:49,nDCG@10,169208,2,2,0.3178735692179095
2021-11-21 20:27:49,nDCG@10,174463,2,2,0.7015509271461071
2021-11-21 20:27:49,nDCG@10,258062,2,2,0.2041649683788735
2021-11-21 20:27:49,nDCG@10,324585,2,2,0.9363792118010484
2021-11-21 20:27:49,nDCG@10,330975,2,2,0.35979688196370413
2021-11-21 20:27:49,nDCG@10,332593,2,2,0.18004549765149497
2021-11-21 20:27:49,nDCG@10,336901,2,2,0.2960819109658653
2021-11-21 20:27:49,nDCG@10,390360,2,2,0.5000236631221621
2021-11-21 20:27:49,nDCG@10,405163,2,2,0.02839466719473816
2021-11-21 20:27:49,nDCG@10,555530,2,2,0.3861821099549281
2021-11-21 20:27:49,nDCG@10,583468,2,2,0.57866518013446
2021-11-21 20:27:49,nDCG@10,640502,2,2,0.7095598573674183
2021-11-21 20:27:49,nDCG@10,673670,2,2,0.26258548958157185
2021-11-21 20:27:49,nDCG@10,701453,2,2,0.6286318996871456
2021-11-21 20:27:49,nDCG@10,730539,2,2,0.634276914699076
2021-11-21 20:27:49,nDCG@10,768208,2,2,0.49689816536377723
2021-11-21 20:27:49,nDCG@10,877809,2,2,0.7048808505768869
2021-11-21 20:27:49,nDCG@10,911232,2,2,0.7271124215094806
2021-11-21 20:27:49,nDCG@10,914916,2,2,0.2932461237589224
2021-11-21 20:27:49,nDCG@10,938400,2,2,0.8526426433917185
2021-11-21 20:27:49,nDCG@10,940547,2,2,0.2870458520421485
2021-11-21 20:27:49,nDCG@10,997622,2,2,0.80462434713335
2021-11-21 20:27:49,nDCG@10,1030303,2,2,0.1095341109630025
2021-11-21 20:27:49,nDCG@10,1037496,2,2,0.7684473183506332
2021-11-21 20:27:49,nDCG@10,1043135,2,2,0.1730406009995276
2021-11-21 20:27:49,nDCG@10,1051399,2,2,0.7253823215890973
2021-11-21 20:27:49,nDCG@10,1064670,2,2,0.523608742594492
2021-11-21 20:27:49,nDCG@10,1071750,2,2,0.3797613036316156
2021-11-21 20:27:49,nDCG@10,1105792,2,2,0.6581413434792542
2021-11-21 20:27:49,nDCG@10,1106979,2,2,0.5455536177381705
2021-11-21 20:27:49,nDCG@10,1108651,2,2,0.3743018638420685
2021-11-21 20:27:49,nDCG@10,1109707,2,2,0.2261319899298127
2021-11-21 20:27:49,nDCG@10,1110678,2,2,0.28748232545374075
2021-11-21 20:27:49,nDCG@10,1113256,2,2,0.920645460531486
2021-11-21 20:27:49,nDCG@10,1115210,2,2,0.02781691027940673
2021-11-21 20:27:49,nDCG@10,1116380,2,2,0.0
2021-11-21 20:27:49,nDCG@10,1121353,2,2,0.8640414753660632
2021-11-21 20:27:49,nDCG@10,1122767,2,2,0.7297182556736715
2021-11-21 20:27:49,nDCG@10,1127540,2,2,0.6233217913020284
2021-11-21 20:27:49,nDCG@10,1131069,2,2,1.0000000000000002
2021-11-21 20:27:49,nDCG@10,1132532,2,2,0.2094191525091863
2021-11-21 20:27:49,nDCG@10,1133579,2,2,0.6196012740931017
2021-11-21 20:27:49,nDCG@10,1136043,2,2,0.32870471410314345
2021-11-21 20:27:49,nDCG@10,1136047,2,2,0.42800376460977213
2021-11-21 20:27:49,nDCG@10,1136962,2,2,0.879213672375081
2021-11-21 20:28:02,DCG@10,23849,3,2,17.492739983081755
2021-11-21 20:28:02,DCG@10,42255,3,2,13.514735906513751
2021-11-21 20:28:02,DCG@10,47210,3,2,24.07905877226909
2021-11-21 20:28:02,DCG@10,67316,3,2,0.6309297535714575
2021-11-21 20:28:02,DCG@10,118440,3,2,4.9165082750002025
2021-11-21 20:28:02,DCG@10,121171,3,2,9.210054213271802
2021-11-21 20:28:02,DCG@10,135802,3,2,4.675917633552429
2021-11-21 20:28:02,DCG@10,141630,3,2,7.1456193294163075
2021-11-21 20:28:02,DCG@10,156498,3,2,4.145665660085209
2021-11-21 20:28:02,DCG@10,169208,3,2,8.00566612454421
2021-11-21 20:28:02,DCG@10,174463,3,2,8.231448866512558
2021-11-21 20:28:02,DCG@10,258062,3,2,8.607209969647869
2021-11-21 20:28:02,DCG@10,324585,3,2,23.588759499706722
2021-11-21 20:28:02,DCG@10,330975,3,2,8.895105974554024
2021-11-21 20:28:02,DCG@10,332593,3,2,8.258220475039495
2021-11-21 20:28:02,DCG@10,336901,3,2,3.5
2021-11-21 20:28:02,DCG@10,390360,3,2,13.995421019263768
2021-11-21 20:28:02,DCG@10,405163,3,2,1.8927892607143724
2021-11-21 20:28:02,DCG@10,555530,3,2,5.48148429891993
2021-11-21 20:28:02,DCG@10,583468,3,2,23.227471754317747
2021-11-21 20:28:02,DCG@10,640502,3,2,24.373671185104463
2021-11-21 20:28:02,DCG@10,673670,3,2,11.246159341380757
2021-11-21 20:28:02,DCG@10,701453,3,2,11.257009784577255
2021-11-21 20:28:02,DCG@10,730539,3,2,11.226036698306102
2021-11-21 20:28:02,DCG@10,768208,3,2,12.425791733026255
2021-11-21 20:28:02,DCG@10,877809,3,2,19.949396932391107
2021-11-21 20:28:02,DCG@10,911232,3,2,9.963679705523306
2021-11-21 20:28:02,DCG@10,914916,3,2,11.775941191640461
2021-11-21 20:28:02,DCG@10,938400,3,2,22.332081683935836
2021-11-21 20:28:02,DCG@10,940547,3,2,4.490759237152664
2021-11-21 20:28:02,DCG@10,997622,3,2,24.76249605212268
2021-11-21 20:28:02,DCG@10,1030303,3,2,3.0754486164537647
2021-11-21 20:28:02,DCG@10,1037496,3,2,17.739874111559768
2021-11-21 20:28:02,DCG@10,1043135,3,2,4.225624749526963
2021-11-21 20:28:02,DCG@10,1051399,3,2,15.76347466711133
2021-11-21 20:28:02,DCG@10,1064670,3,2,5.199551314895524
2021-11-21 20:28:02,DCG@10,1071750,3,2,6.99283376209635
2021-11-21 20:28:02,DCG@10,1105792,3,2,7.7789401873463735
2021-11-21 20:28:02,DCG@10,1106979,3,2,8.816296832787195
2021-11-21 20:28:02,DCG@10,1108651,3,2,10.605077284585933
2021-11-21 20:28:02,DCG@10,1109707,3,2,7.0389128012962505
2021-11-21 20:28:02,DCG@10,1110678,3,2,3.4117052537898314
2021-11-21 20:28:02,DCG@10,1113256,3,2,19.97282745065658
2021-11-21 20:28:02,DCG@10,1115210,3,2,0.0
2021-11-21 20:28:02,DCG@10,1116380,3,2,0.0
2021-11-21 20:28:02,DCG@10,1121353,3,2,7.480703001559768
2021-11-21 20:28:02,DCG@10,1122767,3,2,21.234222144938247
2021-11-21 20:28:02,DCG@10,1127540,3,2,17.657380385892758
2021-11-21 20:28:02,DCG@10,1131069,3,2,14.124477925641994
2021-11-21 20:28:02,DCG@10,1132532,3,2,11.43581527063997
2021-11-21 20:28:02,DCG@10,1133579,3,2,13.148762973018766
2021-11-21 20:28:02,DCG@10,1136043,3,2,4.746777381488702
2021-11-21 20:28:02,DCG@10,1136047,3,2,8.985129836324269
2021-11-21 20:28:02,DCG@10,1136962,3,2,31.80491536661842
2021-11-21 20:28:02,nDCG@10,23849,3,2,0.5500011486099304
2021-11-21 20:28:02,nDCG@10,42255,3,2,0.7199775715968755
2021-11-21 20:28:02,nDCG@10,47210,3,2,0.8543921905763285
2021-11-21 20:28:02,nDCG@10,67316,3,2,0.0234988896366543
2021-11-21 20:28:02,nDCG@10,118440,3,2,0.15458328432341742
2021-11-21 20:28:02,nDCG@10,121171,3,2,0.6756856998333554
2021-11-21 20:28:02,nDCG@10,135802,3,2,0.35823790910426984
2021-11-21 20:28:02,nDCG@10,141630,3,2,0.3545439399300198
2021-11-21 20:28:02,nDCG@10,156498,3,2,0.26205950245040305
2021-11-21 20:28:02,nDCG@10,169208,3,2,0.33528632167338884
2021-11-21 20:28:02,nDCG@10,174463,3,2,0.46688215052492404
2021-11-21 20:28:02,nDCG@10,258062,3,2,0.2706251493026064
2021-11-21 20:28:02,nDCG@10,324585,3,2,0.741670249010153
2021-11-21 20:28:02,nDCG@10,330975,3,2,0.2796770836211716
2021-11-21 20:28:02,nDCG@10,332593,3,2,0.30757625621492163
2021-11-21 20:28:02,nDCG@10,336901,3,2,0.23463936301137828
2021-11-21 20:28:02,nDCG@10,390360,3,2,0.5212574808662014
2021-11-21 20:28:02,nDCG@10,405163,3,2,0.059512475945809086
2021-11-21 20:28:02,nDCG@10,555530,3,2,0.402143187094827
2021-11-21 20:28:02,nDCG@10,583468,3,2,0.7303107550066514
2021-11-21 20:28:02,nDCG@10,640502,3,2,0.7663491917568946
2021-11-21 20:28:02,nDCG@10,673670,3,2,0.3819438455856542
2021-11-21 20:28:02,nDCG@10,701453,3,2,0.4714562592287897
2021-11-21 20:28:02,nDCG@10,730539,3,2,0.6367331244563074
2021-11-21 20:28:02,nDCG@10,768208,3,2,0.563119768871378
2021-11-21 20:28:02,nDCG@10,877809,3,2,0.6272425724902088
2021-11-21 20:28:02,nDCG@10,911232,3,2,0.7290441176365869
2021-11-21 20:28:02,nDCG@10,914916,3,2,0.3702553852414955
2021-11-21 20:28:02,nDCG@10,938400,3,2,0.7021581861329205
2021-11-21 20:28:02,nDCG@10,940547,3,2,0.32945971084144965
2021-11-21 20:28:02,nDCG@10,997622,3,2,0.7785744991515597
2021-11-21 20:28:02,nDCG@10,1030303,3,2,0.15254880509225074
2021-11-21 20:28:02,nDCG@10,1037496,3,2,0.557771461016968
2021-11-21 20:28:02,nDCG@10,1043135,3,2,0.14351133732363522
2021-11-21 20:28:02,nDCG@10,1051399,3,2,0.7115280387363553
2021-11-21 20:28:02,nDCG@10,1064670,3,2,0.5378787599075939
2021-11-21 20:28:02,nDCG@10,1071750,3,2,0.3685441831829389
2021-11-21 20:28:02,nDCG@10,1105792,3,2,0.6581413434792542
2021-11-21 20:28:02,nDCG@10,1106979,3,2,0.437437886149507
2021-11-21 20:28:02,nDCG@10,1108651,3,2,0.33344145589888086
2021-11-21 20:28:02,nDCG@10,1109707,3,2,0.22131525017935133
2021-11-21 20:28:02,nDCG@10,1110678,3,2,0.3529311819313337
2021-11-21 20:28:02,nDCG@10,1113256,3,2,0.7086916460880177
2021-11-21 20:28:02,nDCG@10,1115210,3,2,0.0
2021-11-21 20:28:02,nDCG@10,1116380,3,2,0.0
2021-11-21 20:28:02,nDCG@10,1121353,3,2,0.84955674829836
2021-11-21 20:28:02,nDCG@10,1122767,3,2,0.6676396368350382
2021-11-21 20:28:02,nDCG@10,1127540,3,2,0.6576466407104138
2021-11-21 20:28:02,nDCG@10,1131069,3,2,0.9469024295259746
2021-11-21 20:28:02,nDCG@10,1132532,3,2,0.35956125456767274
2021-11-21 20:28:02,nDCG@10,1133579,3,2,0.5935057928263028
2021-11-21 20:28:02,nDCG@10,1136043,3,2,0.17679305372105375
2021-11-21 20:28:02,nDCG@10,1136047,3,2,0.5083061371009348
2021-11-21 20:28:02,nDCG@10,1136962,3,2,1.0000000000000002
2021-11-21 20:28:14,DCG@10,23849,4,2,0.6309297535714575
2021-11-21 20:28:14,DCG@10,42255,4,2,14.916508275000202
2021-11-21 20:28:14,DCG@10,47210,4,2,16.272560956149114
2021-11-21 20:28:14,DCG@10,67316,4,2,1.0
2021-11-21 20:28:14,DCG@10,118440,4,2,0.0
2021-11-21 20:28:14,DCG@10,121171,4,2,0.0
2021-11-21 20:28:14,DCG@10,135802,4,2,7.09037863370215
2021-11-21 20:28:14,DCG@10,141630,4,2,4.543559338088346
2021-11-21 20:28:14,DCG@10,156498,4,2,3.3803031169906967
2021-11-21 20:28:14,DCG@10,169208,4,2,0.2890648263178879
2021-11-21 20:28:14,DCG@10,174463,4,2,11.620667219810871
2021-11-21 20:28:14,DCG@10,258062,4,2,5.0234537842252145
2021-11-21 20:28:14,DCG@10,324585,4,2,27.28801127263705
2021-11-21 20:28:14,DCG@10,330975,4,2,10.581972468446665
2021-11-21 20:28:14,DCG@10,332593,4,2,7.861209664053458
2021-11-21 20:28:14,DCG@10,336901,4,2,7.0
2021-11-21 20:28:14,DCG@10,390360,4,2,10.079492674714091
2021-11-21 20:28:14,DCG@10,405163,4,2,2.023453784225215
2021-11-21 20:28:14,DCG@10,555530,4,2,5.4117052537898305
2021-11-21 20:28:14,DCG@10,583468,4,2,0.3010299956639812
2021-11-21 20:28:14,DCG@10,640502,4,2,23.48399948612078
2021-11-21 20:28:14,DCG@10,673670,4,2,11.720024520973533
2021-11-21 20:28:14,DCG@10,701453,4,2,16.253155914900578
2021-11-21 20:28:14,DCG@10,730539,4,2,11.707552256897563
2021-11-21 20:28:14,DCG@10,768208,4,2,9.011317996666001
2021-11-21 20:28:14,DCG@10,877809,4,2,19.846756363472647
2021-11-21 20:28:14,DCG@10,911232,4,2,9.842901278217697
2021-11-21 20:28:14,DCG@10,914916,4,2,6.934024237757645
2021-11-21 20:28:14,DCG@10,938400,4,2,19.847732207717023
2021-11-21 20:28:14,DCG@10,940547,4,2,4.043559338088346
2021-11-21 20:28:14,DCG@10,997622,4,2,24.083612895529928
2021-11-21 20:28:14,DCG@10,1030303,4,2,0.0
2021-11-21 20:28:14,DCG@10,1037496,4,2,18.458996511035146
2021-11-21 20:28:14,DCG@10,1043135,4,2,2.023453784225215
2021-11-21 20:28:14,DCG@10,1051399,4,2,16.310146705387762
2021-11-21 20:28:14,DCG@10,1064670,4,2,5.58055300159297
2021-11-21 20:28:14,DCG@10,1071750,4,2,7.363331065938916
2021-11-21 20:28:14,DCG@10,1105792,4,2,0.0
2021-11-21 20:28:14,DCG@10,1106979,4,2,6.546076960408385
2021-11-21 20:28:14,DCG@10,1108651,4,2,20.496050835316087
2021-11-21 20:28:14,DCG@10,1109707,4,2,8.334798766558722
2021-11-21 20:28:14,DCG@10,1110678,4,2,2.5937311323053027
2021-11-21 20:28:14,DCG@10,1113256,4,2,26.05920791312906
2021-11-21 20:28:14,DCG@10,1115210,4,2,0.5
2021-11-21 20:28:14,DCG@10,1116380,4,2,0.0
2021-11-21 20:28:14,DCG@10,1121353,4,2,7.30541884523126
2021-11-21 20:28:14,DCG@10,1122767,4,2,15.404397079785502
2021-11-21 20:28:14,DCG@10,1127540,4,2,15.392158626567976
2021-11-21 20:28:14,DCG@10,1131069,4,2,12.993450309756156
2021-11-21 20:28:14,DCG@10,1132532,4,2,11.271921127855336
2021-11-21 20:28:14,DCG@10,1133579,4,2,13.050215164533705
2021-11-21 20:28:14,DCG@10,1136043,4,2,6.487509775742773
2021-11-21 20:28:14,DCG@10,1136047,4,2,6.498123557387093
2021-11-21 20:28:14,DCG@10,1136962,4,2,31.80491536661842
2021-11-21 20:28:14,nDCG@10,23849,4,2,0.019837491981936364
2021-11-21 20:28:14,nDCG@10,42255,4,2,0.7946549217704771
2021-11-21 20:28:14,nDCG@10,47210,4,2,0.5773958663875512
2021-11-21 20:28:14,nDCG@10,67316,4,2,0.03724485888268206
2021-11-21 20:28:14,nDCG@10,118440,4,2,0.0
2021-11-21 20:28:14,nDCG@10,121171,4,2,0.0
2021-11-21 20:28:14,nDCG@10,135802,4,2,0.5432179553952716
2021-11-21 20:28:14,nDCG@10,141630,4,2,0.22543762195673267
2021-11-21 20:28:14,nDCG@10,156498,4,2,0.21367872510778432
2021-11-21 20:28:14,nDCG@10,169208,4,2,0.012106360774169758
2021-11-21 20:28:14,nDCG@10,174463,4,2,0.6591162977628287
2021-11-21 20:28:14,nDCG@10,258062,4,2,0.1579458308981289
2021-11-21 20:28:14,nDCG@10,324585,4,2,0.857980942822373
2021-11-21 20:28:14,nDCG@10,330975,4,2,0.33271500164258316
2021-11-21 20:28:14,nDCG@10,332593,4,2,0.29278964458484746
2021-11-21 20:28:14,nDCG@10,336901,4,2,0.46927872602275655
2021-11-21 20:28:14,nDCG@10,390360,4,2,0.37540928227875386
2021-11-21 20:28:14,nDCG@10,405163,4,2,0.06362078819895171
2021-11-21 20:28:14,nDCG@10,555530,4,2,0.39702392266373465
2021-11-21 20:28:14,nDCG@10,583468,4,2,0.00946488906491272
2021-11-21 20:28:14,nDCG@10,640502,4,2,0.7383764180919329
2021-11-21 20:28:14,nDCG@10,673670,4,2,0.3980373299022814
2021-11-21 20:28:14,nDCG@10,701453,4,2,0.6807004910664264
2021-11-21 20:28:14,nDCG@10,730539,4,2,0.66404435764892
2021-11-21 20:28:14,nDCG@10,768208,4,2,0.408380521461805
2021-11-21 20:28:14,nDCG@10,877809,4,2,0.6240153804749082
2021-11-21 20:28:14,nDCG@10,911232,4,2,0.7202067398236751
2021-11-21 20:28:14,nDCG@10,914916,4,2,0.2180173774345399
2021-11-21 20:28:14,nDCG@10,938400,4,2,0.6240460626582477
2021-11-21 20:28:14,nDCG@10,940547,4,2,0.29665137228365335
2021-11-21 20:28:14,nDCG@10,997622,4,2,0.7572292715737718
2021-11-21 20:28:14,nDCG@10,1030303,4,2,0.0
2021-11-21 20:28:14,nDCG@10,1037496,4,2,0.5803818780291179
2021-11-21 20:28:14,nDCG@10,1043135,4,2,0.06872085805045479
2021-11-21 20:28:14,nDCG@10,1051399,4,2,0.7362035935515878
2021-11-21 20:28:14,nDCG@10,1064670,4,2,0.5772922981827984
2021-11-21 20:28:14,nDCG@10,1071750,4,2,0.3880705484393619
2021-11-21 20:28:14,nDCG@10,1105792,4,2,0.0
2021-11-21 20:28:14,nDCG@10,1106979,4,2,0.32479646754676733
2021-11-21 20:28:14,nDCG@10,1108651,4,2,0.6444302900685657
2021-11-21 20:28:14,nDCG@10,1109707,4,2,0.26206008318156704
2021-11-21 20:28:14,nDCG@10,1110678,4,2,0.2683140910603991
2021-11-21 20:28:14,nDCG@10,1113256,4,2,0.9246534071017681
2021-11-21 20:28:14,nDCG@10,1115210,4,2,0.03904596999466362
2021-11-21 20:28:14,nDCG@10,1116380,4,2,0.0
2021-11-21 20:28:14,nDCG@10,1121353,4,2,0.829650352088322
2021-11-21 20:28:14,nDCG@10,1122767,4,2,0.4843401374352828
2021-11-21 20:28:14,nDCG@10,1127540,4,2,0.5732787759463815
2021-11-21 20:28:14,nDCG@10,1131069,4,2,0.8710785440003371
2021-11-21 20:28:14,nDCG@10,1132532,4,2,0.3544081472289042
2021-11-21 20:28:14,nDCG@10,1133579,4,2,0.5890575648579198
2021-11-21 20:28:14,nDCG@10,1136043,4,2,0.24162638609755993
2021-11-21 20:28:14,nDCG@10,1136047,4,2,0.3676113917137627
2021-11-21 20:28:14,nDCG@10,1136962,4,2,1.0000000000000002
2021-11-21 20:28:27,DCG@10,23849,5,2,21.97586147205612
2021-11-21 20:28:27,DCG@10,42255,5,2,13.514735906513751
2021-11-21 20:28:27,DCG@10,47210,5,2,2.3567871175585484
2021-11-21 20:28:27,DCG@10,67316,5,2,1.0
2021-11-21 20:28:27,DCG@10,118440,5,2,0.0
2021-11-21 20:28:27,DCG@10,121171,5,2,9.733759776506252
2021-11-21 20:28:27,DCG@10,135802,5,2,7.09037863370215
2021-11-21 20:28:27,DCG@10,141630,5,2,5.145619329416308
2021-11-21 20:28:27,DCG@10,156498,5,2,1.3696515569880479
2021-11-21 20:28:27,DCG@10,169208,5,2,7.095106944734643
2021-11-21 20:28:27,DCG@10,174463,5,2,11.052548361629261
2021-11-21 20:28:27,DCG@10,258062,5,2,9.40849746292879
2021-11-21 20:28:27,DCG@10,324585,5,2,27.28801127263705
2021-11-21 20:28:27,DCG@10,330975,5,2,12.95730891179285
2021-11-21 20:28:27,DCG@10,332593,5,2,5.758932113372254
2021-11-21 20:28:27,DCG@10,336901,5,2,4.916223788141893
2021-11-21 20:28:27,DCG@10,390360,5,2,10.079492674714091
2021-11-21 20:28:27,DCG@10,405163,5,2,1.0
2021-11-21 20:28:27,DCG@10,555530,5,2,4.445863978438986
2021-11-21 20:28:27,DCG@10,583468,5,2,18.722457938501766
2021-11-21 20:28:27,DCG@10,640502,5,2,25.290179460104667
2021-11-21 20:28:27,DCG@10,673670,5,2,8.041587470833434
2021-11-21 20:28:27,DCG@10,701453,5,2,0.0
2021-11-21 20:28:27,DCG@10,730539,5,2,4.739591744615277
2021-11-21 20:28:27,DCG@10,768208,5,2,9.011317996666001
2021-11-21 20:28:27,DCG@10,877809,5,2,20.60989625798662
2021-11-21 20:28:27,DCG@10,911232,5,2,9.995983043192659
2021-11-21 20:28:27,DCG@10,914916,5,2,8.231210077204572
2021-11-21 20:28:27,DCG@10,938400,5,2,25.67761854922728
2021-11-21 20:28:27,DCG@10,940547,5,2,5.321942186222186
2021-11-21 20:28:27,DCG@10,997622,5,2,16.046887542014975
2021-11-21 20:28:27,DCG@10,1030303,5,2,0.0
2021-11-21 20:28:27,DCG@10,1037496,5,2,1.2920296742201793
2021-11-21 20:28:27,DCG@10,1043135,5,2,4.246808078361362
2021-11-21 20:28:27,DCG@10,1051399,5,2,13.604573604069675
2021-11-21 20:28:27,DCG@10,1064670,5,2,4.8026018174652085
2021-11-21 20:28:27,DCG@10,1071750,5,2,6.838368752295049
2021-11-21 20:28:27,DCG@10,1105792,5,2,4.892789260714372
2021-11-21 20:28:27,DCG@10,1106979,5,2,11.06992168205023
2021-11-21 20:28:27,DCG@10,1108651,5,2,11.98158113582047
2021-11-21 20:28:27,DCG@10,1109707,5,2,2.5446448598134204
2021-11-21 20:28:27,DCG@10,1110678,5,2,3.5649539913291024
2021-11-21 20:28:27,DCG@10,1113256,5,2,26.635265342609863
2021-11-21 20:28:27,DCG@10,1115210,5,2,0.0
2021-11-21 20:28:27,DCG@10,1116380,5,2,0.0
2021-11-21 20:28:27,DCG@10,1121353,5,2,6.80541884523126
2021-11-21 20:28:27,DCG@10,1122767,5,2,22.043255220229966
2021-11-21 20:28:27,DCG@10,1127540,5,2,15.392158626567976
2021-11-21 20:28:27,DCG@10,1131069,5,2,7.0
2021-11-21 20:28:27,DCG@10,1132532,5,2,8.631213565291738
2021-11-21 20:28:27,DCG@10,1133579,5,2,5.608663088310034
2021-11-21 20:28:27,DCG@10,1136043,5,2,8.181616924374959
2021-11-21 20:28:27,DCG@10,1136047,5,2,7.446394630357187
2021-11-21 20:28:27,DCG@10,1136962,5,2,29.781461582393206
2021-11-21 20:28:27,nDCG@10,23849,5,2,0.6909580239009657
2021-11-21 20:28:27,nDCG@10,42255,5,2,0.7199775715968755
2021-11-21 20:28:27,nDCG@10,47210,5,2,0.08362538283314991
2021-11-21 20:28:27,nDCG@10,67316,5,2,0.03724485888268206
2021-11-21 20:28:27,nDCG@10,118440,5,2,0.0
2021-11-21 20:28:27,nDCG@10,121171,5,2,0.7141067939774891
2021-11-21 20:28:27,nDCG@10,135802,5,2,0.5432179553952716
2021-11-21 20:28:27,nDCG@10,141630,5,2,0.25531001111702756
2021-11-21 20:28:27,nDCG@10,156498,5,2,0.08657963159222308
2021-11-21 20:28:27,nDCG@10,169208,5,2,0.29715107679622765
2021-11-21 20:28:27,nDCG@10,174463,5,2,0.6268929846422588
2021-11-21 20:28:27,nDCG@10,258062,5,2,0.2958189749752862
2021-11-21 20:28:27,nDCG@10,324585,5,2,0.857980942822373
2021-11-21 20:28:27,nDCG@10,330975,5,2,0.4073995721237634
2021-11-21 20:28:27,nDCG@10,332593,5,2,0.21449061387749557
2021-11-21 20:28:27,nDCG@10,336901,5,2,0.32958274802028537
2021-11-21 20:28:27,nDCG@10,390360,5,2,0.37540928227875386
2021-11-21 20:28:27,nDCG@10,405163,5,2,0.03144168089972574
2021-11-21 20:28:27,nDCG@10,555530,5,2,0.32616601857854877
2021-11-21 20:28:27,nDCG@10,583468,5,2,0.5886655481609095
2021-11-21 20:28:27,nDCG@10,640502,5,2,0.7951657524814092
2021-11-21 20:28:27,nDCG@10,673670,5,2,0.2731096679309933
2021-11-21 20:28:27,nDCG@10,701453,5,2,0.0
2021-11-21 20:28:27,nDCG@10,730539,5,2,0.26882640252294654
2021-11-21 20:28:27,nDCG@10,768208,5,2,0.408380521461805
2021-11-21 20:28:27,nDCG@10,877809,5,2,0.6480097815200669
2021-11-21 20:28:27,nDCG@10,911232,5,2,0.7314077582797939
2021-11-21 20:28:27,nDCG@10,914916,5,2,0.25880308066607305
2021-11-21 20:28:27,nDCG@10,938400,5,2,0.8073474886896828
2021-11-21 20:28:27,nDCG@10,940547,5,2,0.3904385519673024
2021-11-21 20:28:27,nDCG@10,997622,5,2,0.5045411175298192
2021-11-21 20:28:27,nDCG@10,1030303,5,2,0.0
2021-11-21 20:28:27,nDCG@10,1037496,5,2,0.04062358472980748
2021-11-21 20:28:27,nDCG@10,1043135,5,2,0.14423076889415773
2021-11-21 20:28:27,nDCG@10,1051399,5,2,0.6140800666584227
2021-11-21 20:28:27,nDCG@10,1064670,5,2,0.496815466078355
2021-11-21 20:28:27,nDCG@10,1071750,5,2,0.36040339465509913
2021-11-21 20:28:27,nDCG@10,1105792,5,2,0.41395701983227506
2021-11-21 20:28:27,nDCG@10,1106979,5,2,0.5492559100809863
2021-11-21 20:28:27,nDCG@10,1108651,5,2,0.3767210507466407
2021-11-21 20:28:27,nDCG@10,1109707,5,2,0.0800079116853809
2021-11-21 20:28:27,nDCG@10,1110678,5,2,0.36878432692653484
2021-11-21 20:28:27,nDCG@10,1113256,5,2,0.9450935320139053
2021-11-21 20:28:27,nDCG@10,1115210,5,2,0.0
2021-11-21 20:28:27,nDCG@10,1116380,5,2,0.0
2021-11-21 20:28:27,nDCG@10,1121353,5,2,0.7728671361177627
2021-11-21 20:28:27,nDCG@10,1122767,5,2,0.6930769966256842
2021-11-21 20:28:27,nDCG@10,1127540,5,2,0.5732787759463815
2021-11-21 20:28:27,nDCG@10,1131069,5,2,0.46927872602275655
2021-11-21 20:28:27,nDCG@10,1132532,5,2,0.2713798626972869
2021-11-21 20:28:27,nDCG@10,1133579,5,2,0.2531625248514787
2021-11-21 20:28:27,nDCG@10,1136043,5,2,0.30472316778050856
2021-11-21 20:28:27,nDCG@10,1136047,5,2,0.4212569165761139
2021-11-21 20:28:27,nDCG@10,1136962,5,2,0.9363792118010484
2021-11-21 20:28:40,DCG@10,23849,6,2,21.97586147205612
2021-11-21 20:28:40,DCG@10,42255,6,2,14.431244181513954
2021-11-21 20:28:40,DCG@10,47210,6,2,24.42172896822979
2021-11-21 20:28:40,DCG@10,67316,6,2,0.9607368902116389
2021-11-21 20:28:40,DCG@10,118440,6,2,0.0
2021-11-21 20:28:40,DCG@10,121171,6,2,9.733759776506252
2021-11-21 20:28:40,DCG@10,135802,6,2,7.09037863370215
2021-11-21 20:28:40,DCG@10,141630,6,2,4.288355657390788
2021-11-21 20:28:40,DCG@10,156498,6,2,1.4030899869919438
2021-11-21 20:28:40,DCG@10,169208,6,2,6.722990044013852
2021-11-21 20:28:40,DCG@10,174463,6,2,7.876535637403878
2021-11-21 20:28:40,DCG@10,258062,6,2,9.648797440481303
2021-11-21 20:28:40,DCG@10,324585,6,2,29.311465056862264
2021-11-21 20:28:40,DCG@10,330975,6,2,10.850098942144982
2021-11-21 20:28:40,DCG@10,332593,6,2,10.277079734905966
2021-11-21 20:28:40,DCG@10,336901,6,2,4.4165082750002025
2021-11-21 20:28:40,DCG@10,390360,6,2,0.0
2021-11-21 20:28:40,DCG@10,405163,6,2,1.0
2021-11-21 20:28:40,DCG@10,555530,6,2,3.3332474375917283
2021-11-21 20:28:40,DCG@10,583468,6,2,18.722457938501766
2021-11-21 20:28:40,DCG@10,640502,6,2,20.270162842524897
2021-11-21 20:28:40,DCG@10,673670,6,2,0.0
2021-11-21 20:28:40,DCG@10,701453,6,2,11.988130826064314
2021-11-21 20:28:40,DCG@10,730539,6,2,11.387114227483336
2021-11-21 20:28:40,DCG@10,768208,6,2,9.011317996666001
2021-11-21 20:28:40,DCG@10,877809,6,2,24.618623677984363
2021-11-21 20:28:40,DCG@10,911232,6,2,9.995983043192659
2021-11-21 20:28:40,DCG@10,914916,6,2,5.242278021844374
2021-11-21 20:28:40,DCG@10,938400,6,2,25.486467060270733
2021-11-21 20:28:40,DCG@10,940547,6,2,5.288355657390788
2021-11-21 20:28:40,DCG@10,997622,6,2,10.8715230240723
2021-11-21 20:28:40,DCG@10,1030303,6,2,0.0
2021-11-21 20:28:40,DCG@10,1037496,6,2,1.2920296742201793
2021-11-21 20:28:40,DCG@10,1043135,6,2,2.5212161362318564
2021-11-21 20:28:40,DCG@10,1051399,6,2,16.310146705387762
2021-11-21 20:28:40,DCG@10,1064670,6,2,5.8026018174652085
2021-11-21 20:28:40,DCG@10,1071750,6,2,6.742939424299529
2021-11-21 20:28:40,DCG@10,1105792,6,2,4.892789260714372
2021-11-21 20:28:40,DCG@10,1106979,6,2,13.001548979453752
2021-11-21 20:28:40,DCG@10,1108651,6,2,0.0
2021-11-21 20:28:40,DCG@10,1109707,6,2,4.3384820104690185
2021-11-21 20:28:40,DCG@10,1110678,6,2,3.7235602610047573
2021-11-21 20:28:40,DCG@10,1113256,6,2,17.645399660386836
2021-11-21 20:28:40,DCG@10,1115210,6,2,3.3010299956639813
2021-11-21 20:28:40,DCG@10,1116380,6,2,0.0
2021-11-21 20:28:40,DCG@10,1121353,6,2,8.041408953824535
2021-11-21 20:28:40,DCG@10,1122767,6,2,1.0
2021-11-21 20:28:40,DCG@10,1127540,6,2,1.6253630075535126
2021-11-21 20:28:40,DCG@10,1131069,6,2,14.916508275000202
2021-11-21 20:28:40,DCG@10,1132532,6,2,15.974013273852496
2021-11-21 20:28:40,DCG@10,1133579,6,2,13.050215164533705
2021-11-21 20:28:40,DCG@10,1136043,6,2,8.145014326201094
2021-11-21 20:28:40,DCG@10,1136047,6,2,6.064461324608123
2021-11-21 20:28:40,DCG@10,1136962,6,2,25.32310161633782
2021-11-21 20:28:40,nDCG@10,23849,6,2,0.6909580239009657
2021-11-21 20:28:40,nDCG@10,42255,6,2,0.7688031947350271
2021-11-21 20:28:40,nDCG@10,47210,6,2,0.8665510852466326
2021-11-21 20:28:40,nDCG@10,67316,6,2,0.0357825098993193
2021-11-21 20:28:40,nDCG@10,118440,6,2,0.0
2021-11-21 20:28:40,nDCG@10,121171,6,2,0.7141067939774891
2021-11-21 20:28:40,nDCG@10,135802,6,2,0.5432179553952716
2021-11-21 20:28:40,nDCG@10,141630,6,2,0.21277519001515513
2021-11-21 20:28:40,nDCG@10,156498,6,2,0.0886933713503307
2021-11-21 20:28:40,nDCG@10,169208,6,2,0.2815664015257137
2021-11-21 20:28:40,nDCG@10,174463,6,2,0.4467517148819205
2021-11-21 20:28:40,nDCG@10,258062,6,2,0.3033744101897036
2021-11-21 20:28:40,nDCG@10,324585,6,2,0.9216017310213247
2021-11-21 20:28:40,nDCG@10,330975,6,2,0.34114534866937435
2021-11-21 20:28:40,nDCG@10,332593,6,2,0.3827683844526442
2021-11-21 20:28:40,nDCG@10,336901,6,2,0.2960819109658653
2021-11-21 20:28:40,nDCG@10,390360,6,2,0.0
2021-11-21 20:28:40,nDCG@10,405163,6,2,0.03144168089972574
2021-11-21 20:28:40,nDCG@10,555530,6,2,0.24454010534937107
2021-11-21 20:28:40,nDCG@10,583468,6,2,0.5886655481609095
2021-11-21 20:28:40,nDCG@10,640502,6,2,0.6373279918801454
2021-11-21 20:28:40,nDCG@10,673670,6,2,0.0
2021-11-21 20:28:40,nDCG@10,701453,6,2,0.5020764326015794
2021-11-21 20:28:40,nDCG@10,730539,6,2,0.6458693317562708
2021-11-21 20:28:40,nDCG@10,768208,6,2,0.408380521461805
2021-11-21 20:28:40,nDCG@10,877809,6,2,0.7740509098736168
2021-11-21 20:28:40,nDCG@10,911232,6,2,0.7314077582797939
2021-11-21 20:28:40,nDCG@10,914916,6,2,0.1648260327504763
2021-11-21 20:28:40,nDCG@10,938400,6,2,0.8013373645704036
2021-11-21 20:28:40,nDCG@10,940547,6,2,0.38797451248252784
2021-11-21 20:28:40,nDCG@10,997622,6,2,0.34181895781690264
2021-11-21 20:28:40,nDCG@10,1030303,6,2,0.0
2021-11-21 20:28:40,nDCG@10,1037496,6,2,0.04062358472980748
2021-11-21 20:28:40,nDCG@10,1043135,6,2,0.08562594192327808
2021-11-21 20:28:40,nDCG@10,1051399,6,2,0.7362035935515878
2021-11-21 20:28:40,nDCG@10,1064670,6,2,0.6002626151365236
2021-11-21 20:28:40,nDCG@10,1071750,6,2,0.35537397097160767
2021-11-21 20:28:40,nDCG@10,1105792,6,2,0.41395701983227506
2021-11-21 20:28:40,nDCG@10,1106979,6,2,0.6450973929428732
2021-11-21 20:28:40,nDCG@10,1108651,6,2,0.0
2021-11-21 20:28:40,nDCG@10,1109707,6,2,0.13640916696236746
2021-11-21 20:28:40,nDCG@10,1110678,6,2,0.3851916933472324
2021-11-21 20:28:40,nDCG@10,1113256,6,2,0.6261080141054042
2021-11-21 20:28:40,nDCG@10,1115210,6,2,0.2577838363243608
2021-11-21 20:28:40,nDCG@10,1116380,6,2,0.0
2021-11-21 20:28:40,nDCG@10,1121353,6,2,0.9132341226652168
2021-11-21 20:28:40,nDCG@10,1122767,6,2,0.03144168089972574
2021-11-21 20:28:40,nDCG@10,1127540,6,2,0.06053641584946227
2021-11-21 20:28:40,nDCG@10,1131069,6,2,1.0000000000000002
2021-11-21 20:28:40,nDCG@10,1132532,6,2,0.5022498280444535
2021-11-21 20:28:40,nDCG@10,1133579,6,2,0.5890575648579198
2021-11-21 20:28:40,nDCG@10,1136043,6,2,0.30335990917678346
2021-11-21 20:28:40,nDCG@10,1136047,6,2,0.34307828219103803
2021-11-21 20:28:40,nDCG@10,1136962,6,2,0.7962008804122228
2021-11-21 20:28:52,DCG@10,23849,7,2,15.661117811595387
2021-11-21 20:28:52,DCG@10,42255,7,2,13.514735906513751
2021-11-21 20:28:52,DCG@10,47210,7,2,18.22030900783184
2021-11-21 20:28:52,DCG@10,67316,7,2,0.38685280723454163
2021-11-21 20:28:52,DCG@10,118440,7,2,4.9165082750002025
2021-11-21 20:28:52,DCG@10,121171,7,2,8.268831952706009
2021-11-21 20:28:52,DCG@10,135802,7,2,1.9717115483160104
2021-11-21 20:28:52,DCG@10,141630,7,2,5.145619329416308
2021-11-21 20:28:52,DCG@10,156498,7,2,3.3333333333333335
2021-11-21 20:28:52,DCG@10,169208,7,2,8.516884837183675
2021-11-21 20:28:52,DCG@10,174463,7,2,13.630678014265039
2021-11-21 20:28:52,DCG@10,258062,7,2,3.6253630075535126
2021-11-21 20:28:52,DCG@10,324585,7,2,29.471582033285088
2021-11-21 20:28:52,DCG@10,330975,7,2,12.495304212257356
2021-11-21 20:28:52,DCG@10,332593,7,2,8.913007026611542
2021-11-21 20:28:52,DCG@10,336901,7,2,7.0
2021-11-21 20:28:52,DCG@10,390360,7,2,12.52103720846606
2021-11-21 20:28:52,DCG@10,405163,7,2,0.0
2021-11-21 20:28:52,DCG@10,555530,7,2,5.4117052537898305
2021-11-21 20:28:52,DCG@10,583468,7,2,22.166180514064706
2021-11-21 20:28:52,DCG@10,640502,7,2,21.48399948612078
2021-11-21 20:28:52,DCG@10,673670,7,2,2.3333333333333335
2021-11-21 20:28:52,DCG@10,701453,7,2,3.6459459452527105
2021-11-21 20:28:52,DCG@10,730539,7,2,2.7920296742201796
2021-11-21 20:28:52,DCG@10,768208,7,2,11.273479298838678
2021-11-21 20:28:52,DCG@10,877809,7,2,23.469364411727177
2021-11-21 20:28:52,DCG@10,911232,7,2,7.356207187108022
2021-11-21 20:28:52,DCG@10,914916,7,2,9.766247587072435
2021-11-21 20:28:52,DCG@10,938400,7,2,14.377394811765269
2021-11-21 20:28:52,DCG@10,940547,7,2,4.579296251183554
2021-11-21 20:28:52,DCG@10,997622,7,2,27.998735392634533
2021-11-21 20:28:52,DCG@10,1030303,7,2,0.0
2021-11-21 20:28:52,DCG@10,1037496,7,2,28.019336845189674
2021-11-21 20:28:52,DCG@10,1043135,7,2,2.405559698767598
2021-11-21 20:28:52,DCG@10,1051399,7,2,15.781343123658935
2021-11-21 20:28:52,DCG@10,1064670,7,2,2.8927892607143724
2021-11-21 20:28:52,DCG@10,1071750,7,2,7.029534538841762
2021-11-21 20:28:52,DCG@10,1105792,7,2,8.789069122140733
2021-11-21 20:28:52,DCG@10,1106979,7,2,10.250468360031768
2021-11-21 20:28:52,DCG@10,1108651,7,2,13.58765123470168
2021-11-21 20:28:52,DCG@10,1109707,7,2,6.94559530956845
2021-11-21 20:28:52,DCG@10,1110678,7,2,4.1342774332557095
2021-11-21 20:28:52,DCG@10,1113256,7,2,14.428563145331944
2021-11-21 20:28:52,DCG@10,1115210,7,2,0.0
2021-11-21 20:28:52,DCG@10,1116380,7,2,0.0
2021-11-21 20:28:52,DCG@10,1121353,7,2,7.728768393129417
2021-11-21 20:28:52,DCG@10,1122767,7,2,20.255062135211016
2021-11-21 20:28:52,DCG@10,1127540,7,2,13.449898151054967
2021-11-21 20:28:52,DCG@10,1131069,7,2,12.993450309756156
2021-11-21 20:28:52,DCG@10,1132532,7,2,10.091817658324464
2021-11-21 20:28:52,DCG@10,1133579,7,2,13.103015265469388
2021-11-21 20:28:52,DCG@10,1136043,7,2,5.946585820810172
2021-11-21 20:28:52,DCG@10,1136047,7,2,5.8841717710525305
2021-11-21 20:28:52,DCG@10,1136962,7,2,31.80491536661842
2021-11-21 20:28:52,nDCG@10,23849,7,2,0.4924118687651933
2021-11-21 20:28:52,nDCG@10,42255,7,2,0.7199775715968755
2021-11-21 20:28:52,nDCG@10,47210,7,2,0.6465074018635353
2021-11-21 20:28:52,nDCG@10,67316,7,2,0.014408278213819908
2021-11-21 20:28:52,nDCG@10,118440,7,2,0.15458328432341742
2021-11-21 20:28:52,nDCG@10,121171,7,2,0.6066339432310229
2021-11-21 20:28:52,nDCG@10,135802,7,2,0.15105950912331229
2021-11-21 20:28:52,nDCG@10,141630,7,2,0.25531001111702756
2021-11-21 20:28:52,nDCG@10,156498,7,2,0.21070962939561377
2021-11-21 20:28:52,nDCG@10,169208,7,2,0.3566967376294065
2021-11-21 20:28:52,nDCG@10,174463,7,2,0.7731227354521711
2021-11-21 20:28:52,nDCG@10,258062,7,2,0.11398750682916754
2021-11-21 20:28:52,nDCG@10,324585,7,2,0.9266360779006401
2021-11-21 20:28:52,nDCG@10,330975,7,2,0.3928733677867947
2021-11-21 20:28:52,nDCG@10,332593,7,2,0.33196368892650047
2021-11-21 20:28:52,nDCG@10,336901,7,2,0.46927872602275655
2021-11-21 20:28:52,nDCG@10,390360,7,2,0.4663442638941297
2021-11-21 20:28:52,nDCG@10,405163,7,2,0.0
2021-11-21 20:28:52,nDCG@10,555530,7,2,0.39702392266373465
2021-11-21 20:28:52,nDCG@10,583468,7,2,0.6969419744889412
2021-11-21 20:28:52,nDCG@10,640502,7,2,0.6754930562924814
2021-11-21 20:28:52,nDCG@10,673670,7,2,0.07924503639987626
2021-11-21 20:28:52,nDCG@10,701453,7,2,0.15269632607535025
2021-11-21 20:28:52,nDCG@10,730539,7,2,0.15836201375586006
2021-11-21 20:28:52,nDCG@10,768208,7,2,0.5108985562879856
2021-11-21 20:28:52,nDCG@10,877809,7,2,0.7379162667529054
2021-11-21 20:28:52,nDCG@10,911232,7,2,0.5382549154911253
2021-11-21 20:28:52,nDCG@10,914916,7,2,0.307067240220448
2021-11-21 20:28:52,nDCG@10,938400,7,2,0.452049459840896
2021-11-21 20:28:52,nDCG@10,940547,7,2,0.33595513344172184
2021-11-21 20:28:52,nDCG@10,997622,7,2,0.8803273038110723
2021-11-21 20:28:52,nDCG@10,1030303,7,2,0.0
2021-11-21 20:28:52,nDCG@10,1037496,7,2,0.8809750481083819
2021-11-21 20:28:52,nDCG@10,1043135,7,2,0.08169799966753442
2021-11-21 20:28:52,nDCG@10,1051399,7,2,0.7123345809556979
2021-11-21 20:28:52,nDCG@10,1064670,7,2,0.2992508018469891
2021-11-21 20:28:52,nDCG@10,1071750,7,2,0.3704784287617674
2021-11-21 20:28:52,nDCG@10,1105792,7,2,0.7436038355696598
2021-11-21 20:28:52,nDCG@10,1106979,7,2,0.5085971237696112
2021-11-21 20:28:52,nDCG@10,1108651,7,2,0.4272185942982547
2021-11-21 20:28:52,nDCG@10,1109707,7,2,0.21838119138208303
2021-11-21 20:28:52,nDCG@10,1110678,7,2,0.42767921388582614
2021-11-21 20:28:52,nDCG@10,1113256,7,2,0.5119656789411684
2021-11-21 20:28:52,nDCG@10,1115210,7,2,0.0
2021-11-21 20:28:52,nDCG@10,1116380,7,2,0.0
2021-11-21 20:28:52,nDCG@10,1121353,7,2,0.8777286497070015
2021-11-21 20:28:52,nDCG@10,1122767,7,2,0.6368532002594223
2021-11-21 20:28:52,nDCG@10,1127540,7,2,0.5009395586224886
2021-11-21 20:28:52,nDCG@10,1131069,7,2,0.8710785440003371
2021-11-21 20:28:52,nDCG@10,1132532,7,2,0.3173037105112553
2021-11-21 20:28:52,nDCG@10,1133579,7,2,0.5914408434850762
2021-11-21 20:28:52,nDCG@10,1136043,7,2,0.2214797497298329
2021-11-21 20:28:52,nDCG@10,1136047,7,2,0.33287895416830743
2021-11-21 20:28:52,nDCG@10,1136962,7,2,1.0000000000000002
2021-11-21 20:29:04,DCG@10,23849,8,2,16.472183303476324
2021-11-21 20:29:04,DCG@10,42255,8,2,14.431244181513954
2021-11-21 20:29:04,DCG@10,67316,8,2,0.9463946303571863
2021-11-21 20:29:04,DCG@10,118440,8,2,3.3333333333333335
2021-11-21 20:29:04,DCG@10,121171,8,2,6.752618744295578
2021-11-21 20:29:04,DCG@10,135802,8,2,7.766177205234655
2021-11-21 20:29:04,DCG@10,141630,8,2,6.351307084592317
2021-11-21 20:29:04,DCG@10,169208,8,2,8.27888135840359
2021-11-21 20:29:04,DCG@10,174463,8,2,9.06205645294097
2021-11-21 20:29:04,DCG@10,258062,8,2,8.491956891453967
2021-11-21 20:29:04,DCG@10,324585,8,2,24.870921753881063
2021-11-21 20:29:04,DCG@10,330975,8,2,15.257757663701046
2021-11-21 20:29:04,DCG@10,332593,8,2,7.751313520542908
2021-11-21 20:29:04,DCG@10,390360,8,2,9.04715354171335
2021-11-21 20:29:04,DCG@10,555530,8,2,5.472890780605059
2021-11-21 20:29:04,DCG@10,583468,8,2,17.03375983047463
2021-11-21 20:29:04,DCG@10,640502,8,2,25.055073758284884
2021-11-21 20:29:04,DCG@10,673670,8,2,13.212974278231115
2021-11-21 20:29:04,DCG@10,701453,8,2,14.793647255554212
2021-11-21 20:29:04,DCG@10,730539,8,2,3.65400873145978
2021-11-21 20:29:04,DCG@10,768208,8,2,0.0
2021-11-21 20:29:04,DCG@10,877809,8,2,23.787497825572473
2021-11-21 20:29:04,DCG@10,911232,8,2,10.337755349178934
2021-11-21 20:29:04,DCG@10,914916,8,2,16.899107870838133
2021-11-21 20:29:04,DCG@10,938400,8,2,25.414676044194174
2021-11-21 20:29:04,DCG@10,940547,8,2,4.490759237152664
2021-11-21 20:29:04,DCG@10,997622,8,2,22.113646048530192
2021-11-21 20:29:04,DCG@10,1064670,8,2,4.160558421703625
2021-11-21 20:29:04,DCG@10,1071750,8,2,8.228768393129418
2021-11-21 20:29:04,DCG@10,1105792,8,2,7.788807139093071
2021-11-21 20:29:04,DCG@10,1106979,8,2,9.980603091967915
2021-11-21 20:29:04,DCG@10,1108651,8,2,16.160766685793167
2021-11-21 20:29:04,DCG@10,1109707,8,2,6.274999931349289
2021-11-21 20:29:04,DCG@10,1110678,8,2,3.3676417045359166
2021-11-21 20:29:04,DCG@10,1113256,8,2,20.778771143960086
2021-11-21 20:29:04,DCG@10,1115210,8,2,0.6572371827720034
2021-11-21 20:29:04,DCG@10,1116380,8,2,0.0
2021-11-21 20:29:04,DCG@10,1121353,8,2,6.171055516233945
2021-11-21 20:29:04,DCG@10,1122767,8,2,13.712971596937917
2021-11-21 20:29:04,DCG@10,1127540,8,2,0.0
2021-11-21 20:29:04,DCG@10,1132532,8,2,14.32278086774934
2021-11-21 20:29:04,DCG@10,1133579,8,2,10.467610766589043
2021-11-21 20:29:04,DCG@10,1136043,8,2,6.977093298341069
2021-11-21 20:29:04,DCG@10,1136047,8,2,1.7914881752750824
2021-11-21 20:29:04,DCG@10,1136962,8,2,31.80491536661842
2021-11-21 20:29:04,DCG@10,47210,8,2,23.395222011922677
2021-11-21 20:29:04,DCG@10,156498,8,2,2.961410822038439
2021-11-21 20:29:04,DCG@10,336901,8,2,6.207969650641791
2021-11-21 20:29:04,DCG@10,405163,8,2,0.8671944789536635
2021-11-21 20:29:04,DCG@10,1030303,8,2,3.6543642809989776
2021-11-21 20:29:04,DCG@10,1037496,8,2,21.465997475245235
2021-11-21 20:29:04,DCG@10,1043135,8,2,2.817517820863344
2021-11-21 20:29:04,DCG@10,1051399,8,2,2.1309297535714578
2021-11-21 20:29:04,DCG@10,1131069,8,2,14.916508275000202
2021-11-21 20:29:04,nDCG@10,23849,8,2,0.5179131311496928
2021-11-21 20:29:04,nDCG@10,42255,8,2,0.7688031947350271
2021-11-21 20:29:04,nDCG@10,67316,8,2,0.035248334454981455
2021-11-21 20:29:04,nDCG@10,118440,8,2,0.10480560299908581
2021-11-21 20:29:04,nDCG@10,121171,8,2,0.49539859552317933
2021-11-21 20:29:04,nDCG@10,135802,8,2,0.594993176050202
2021-11-21 20:29:04,nDCG@10,141630,8,2,0.31513257755094387
2021-11-21 20:29:04,nDCG@10,169208,8,2,0.3467288836489623
2021-11-21 20:29:04,nDCG@10,174463,8,2,0.5139936448053122
2021-11-21 20:29:04,nDCG@10,258062,8,2,0.2670013987953226
2021-11-21 20:29:04,nDCG@10,324585,8,2,0.7819835854675756
2021-11-21 20:29:04,nDCG@10,330975,8,2,0.4797295477074332
2021-11-21 20:29:04,nDCG@10,332593,8,2,0.28869657822804606
2021-11-21 20:29:04,nDCG@10,390360,8,2,0.3369599569510709
2021-11-21 20:29:04,nDCG@10,555530,8,2,0.40151273288661543
2021-11-21 20:29:04,nDCG@10,583468,8,2,0.5355700411123497
2021-11-21 20:29:04,nDCG@10,640502,8,2,0.7877736340270854
2021-11-21 20:29:04,nDCG@10,673670,8,2,0.4487411261267372
2021-11-21 20:29:04,nDCG@10,701453,8,2,0.6195746231836258
2021-11-21 20:29:04,nDCG@10,730539,8,2,0.20725287640686932
2021-11-21 20:29:04,nDCG@10,768208,8,2,0.0
2021-11-21 20:29:04,nDCG@10,877809,8,2,0.7479189160345696
2021-11-21 20:29:04,nDCG@10,911232,8,2,0.7564152953157607
2021-11-21 20:29:04,nDCG@10,914916,8,2,0.5313363571649363
2021-11-21 20:29:04,nDCG@10,938400,8,2,0.7990801343514573
2021-11-21 20:29:04,nDCG@10,940547,8,2,0.32945971084144965
2021-11-21 20:29:04,nDCG@10,997622,8,2,0.6952902025873674
2021-11-21 20:29:04,nDCG@10,1064670,8,2,0.43039790721519366
2021-11-21 20:29:04,nDCG@10,1071750,8,2,0.4336817989990824
2021-11-21 20:29:04,nDCG@10,1105792,8,2,0.6589761421436249
2021-11-21 20:29:04,nDCG@10,1106979,8,2,0.49520722836953746
2021-11-21 20:29:04,nDCG@10,1108651,8,2,0.5081216692296271
2021-11-21 20:29:04,nDCG@10,1109707,8,2,0.19729654548728526
2021-11-21 20:29:04,nDCG@10,1110678,8,2,0.348372933383632
2021-11-21 20:29:04,nDCG@10,1113256,8,2,0.7372887770687262
2021-11-21 20:29:04,nDCG@10,1115210,8,2,0.05132492663578579
2021-11-21 20:29:04,nDCG@10,1116380,8,2,0.0
2021-11-21 20:29:04,nDCG@10,1121353,8,2,0.7008247562892477
2021-11-21 20:29:04,nDCG@10,1122767,8,2,0.4311588771379245
2021-11-21 20:29:04,nDCG@10,1127540,8,2,0.0
2021-11-21 20:29:04,nDCG@10,1132532,8,2,0.4503323056404717
2021-11-21 20:29:04,nDCG@10,1133579,8,2,0.47248457058430443
2021-11-21 20:29:04,nDCG@10,1136043,8,2,0.25986085530801983
2021-11-21 20:29:04,nDCG@10,1136047,8,2,0.10134794383879568
2021-11-21 20:29:04,nDCG@10,1136962,8,2,1.0000000000000002
2021-11-21 20:29:04,nDCG@10,47210,8,2,0.8301277542794303
2021-11-21 20:29:04,nDCG@10,156498,8,2,0.18719933303996383
2021-11-21 20:29:04,nDCG@10,336901,8,2,0.416181155548731
2021-11-21 20:29:04,nDCG@10,405163,8,2,0.02726605208526502
2021-11-21 20:29:04,nDCG@10,1030303,8,2,0.18126425571076576
2021-11-21 20:29:04,nDCG@10,1037496,8,2,0.674927042810979
2021-11-21 20:29:04,nDCG@10,1043135,8,2,0.0956889866878353
2021-11-21 20:29:04,nDCG@10,1051399,8,2,0.09618540964239657
2021-11-21 20:29:04,nDCG@10,1131069,8,2,1.0000000000000002
